Gary Chapman,The Five Love Languages,300,Moody Publishers,10
Charles Duhigg,The Power of Habit,199,Random House,22
Ryan Holiday,Ego is the Enemy,346,Portfolio,4
Robin Sharma,The 5 AM Club,299,Jaico Publishing House,12
Mark Manson,Everything Is F*cked,499,HarperCollins,4
Daniel James Hollins,Dark Psychology Secret,365,Independently Published,5
Carol S. Dweck,Mindset,234,Robinson,11
Daniel Spade,How To Analyze People,122,Independently published,46
Eric Berne,Games People Play,349,Penguin Books Ltd,12
Richard Koch,The 80/20 Principle,250,Crown Business,8
Robert Greene,The 48 Laws Of Power,350,Viking Penguin Group,9
Lipschute,Data Structure,217,McGrew Hills,4
NORTON,DOS Guide,165,PHI,3
Roboert Lafore,Turbo C++,270,Galgotia,0
Palmer,Dbase Dummies,130,PustakM,7
Cowart,Mastering Windows,270,BPB,1
French,Computer Studies,130,Galgotia,2
Stern,COBOL,225,John W,4
Freed,Guide Network,75,Zpress,3
Norton,Basic for Beginners,1000,BPB,3
Schildit,Advanced Pascal,200,McGrew Hills,4
Kevin Mitnick,The Art of Invisibility,2456,Little Brown and Company ,23
Kevin Mitnick,The Art of Intrusion,5600,Wiley; 1st edition ,30
Nark John,Life Is Great,450,SChand,4
Nark John,Go to Hell,600,Galgotia,0
E Balagurusamy,Structues with C/C++,450,SChand,56
Bhavin Amesara,Ikigai,250,SChand,5
